{
  "msgs": [
    {
      "id": 0,
      "name": "Bill",
      "msg": "Hi All!"
    },
    {
      "id": 1,
      "name": "Ann",
      "msg": "ICS 221 is fun!"
    },
    {
      "id": 2,
      "name": "John",
      "msg": "Howdy!"
    },
    {
      "id": 3,
      "name": "Barb",
      "msg": "Hi"
    },
    {
      "id": 4,
      "name": "Frank",
      "msg": "Who's tired?"
    },
    {
      "id": 5,
      "name": "Sarah",
      "msg": "I heart React"
    },
    {
      "name": "oi",
      "msg": "whats good",
      "id": 6
    },
    {
      "name": "Hey ho",
      "msg": "Lets go",
      "id": 7
    },
    {
      "name": "hello",
      "msg": "world",
      "id": 8
    }
  ]
}